Time Stamp,ID,Extended,Dir,Bus,LEN,D1,D2,D3,D4,D5,D6,D7,D8
28529327,000002B5,false,Rx,0,8,10,00,32,00,00,00,00,22,
28529554,000002B6,false,Rx,0,8,12,00,00,01,40,00,50,03,
28629185,000002B5,false,Rx,0,8,20,00,32,00,00,00,00,12,
28629429,000002B6,false,Rx,0,8,20,00,00,01,E8,00,7A,B3,
28729199,000002B5,false,Rx,0,8,30,00,32,00,00,00,00,02,
28729432,000002B6,false,Rx,0,8,30,00,00,01,E0,00,78,A9,
31729161,000002B5,false,Rx,0,8,10,00,32,00,00,00,00,22,
31729405,000002B6,false,Rx,0,8,12,00,00,01,40,00,50,03,
31829040,000002B5,false,Rx,0,8,20,00,32,00,00,00,00,12,
31829272,000002B6,false,Rx,0,8,20,00,00,01,E8,00,7A,B3,
32147967,000002B5,false,Rx,0,8,10,00,32,00,00,00,00,22,
32148209,000002B6,false,Rx,0,8,12,00,00,01,40,00,50,03,
32247845,000002B5,false,Rx,0,8,20,00,32,00,00,00,00,12,
32248088,000002B6,false,Rx,0,8,20,00,00,01,E8,00,7A,B3,
32347856,000002B5,false,Rx,0,8,30,00,32,00,00,00,00,02,
32348089,000002B6,false,Rx,0,8,30,00,00,01,E0,00,78,A9,
32447837,000002B5,false,Rx,0,8,40,00,32,00,00,00,00,72,
32448070,000002B6,false,Rx,0,8,40,00,00,01,E0,00,78,D9,
32547836,000002B5,false,Rx,0,8,50,00,32,00,00,00,00,62,
32548068,000002B6,false,Rx,0,8,50,00,00,01,E0,00,78,C9,
32647835,000002B5,false,Rx,0,8,60,00,32,00,00,00,00,52,
32648067,000002B6,false,Rx,0,8,60,00,00,01,E0,00,78,F9,
32747830,000002B5,false,Rx,0,8,70,00,32,00,00,00,00,42,
32748062,000002B6,false,Rx,0,8,70,00,00,01,E0,00,78,E9,
32847824,000002B5,false,Rx,0,8,80,00,32,00,00,00,00,B2,
32848077,000002B6,false,Rx,0,8,80,00,00,01,E0,00,78,19,
32947828,000002B5,false,Rx,0,8,90,00,32,00,00,00,00,A2,
32948060,000002B6,false,Rx,0,8,90,00,00,01,E0,00,78,09,
33047827,000002B5,false,Rx,0,8,A0,00,32,00,00,00,00,92,
33048059,000002B6,false,Rx,0,8,A0,00,00,01,E0,00,78,39,
33147834,000002B5,false,Rx,0,8,B0,00,32,00,00,00,00,82,
33148076,000002B6,false,Rx,0,8,B0,00,00,01,E0,00,78,29,
33247820,000002B5,false,Rx,0,8,C0,00,32,00,00,00,00,F2,
33248052,000002B6,false,Rx,0,8,C2,00,00,01,E0,00,78,5B,
33347819,000002B5,false,Rx,0,8,D0,00,32,00,00,00,00,E2,
33348053,000002B6,false,Rx,0,8,D2,00,00,01,E0,00,78,4B,
33447824,000002B5,false,Rx,0,8,E0,00,32,00,00,00,00,D2,
33448066,000002B6,false,Rx,0,8,E2,00,00,01,E0,00,78,7B,
33547814,000002B5,false,Rx,0,8,F0,00,32,00,00,00,00,C2,
33548045,000002B6,false,Rx,0,8,F2,00,00,01,E0,00,78,6B,
33647830,000002B5,false,Rx,0,8,00,00,32,00,00,00,00,32,
33648062,000002B6,false,Rx,0,8,02,00,00,01,E0,00,78,9B,
33747822,000002B5,false,Rx,0,8,10,00,32,00,00,00,00,22,
33748054,000002B6,false,Rx,0,8,12,00,00,01,E0,00,78,8B,
33847815,000002B5,false,Rx,0,8,20,00,32,00,00,00,00,12,
33848048,000002B6,false,Rx,0,8,22,00,00,01,E0,00,78,BB,
33947816,000002B5,false,Rx,0,8,30,00,32,00,00,00,00,02,
33948048,000002B6,false,Rx,0,8,32,00,00,01,E0,00,78,AB,
34047809,000002B5,false,Rx,0,8,40,00,32,00,00,00,00,72,
34048041,000002B6,false,Rx,0,8,42,00,00,01,E0,00,78,DB,
34147794,000002B5,false,Rx,0,8,50,00,32,00,00,00,00,62,
34148026,000002B6,false,Rx,0,8,52,00,00,01,E0,00,78,CB,
34247809,000002B5,false,Rx,0,8,60,00,32,00,00,00,00,52,
34248042,000002B6,false,Rx,0,8,62,00,00,01,E0,00,78,FB,
34347807,000002B5,false,Rx,0,8,70,00,32,00,00,00,00,42,
34348040,000002B6,false,Rx,0,8,72,00,00,01,E0,00,78,EB,
34447807,000002B5,false,Rx,0,8,80,00,32,00,00,00,00,B2,
34448039,000002B6,false,Rx,0,8,82,00,00,01,E0,00,78,1B,
34547804,000002B5,false,Rx,0,8,90,00,32,00,00,00,00,A2,
34548036,000002B6,false,Rx,0,8,92,00,00,01,E0,00,78,0B,
34647799,000002B5,false,Rx,0,8,A0,00,32,00,00,00,00,92,
34648041,000002B6,false,Rx,0,8,A2,00,00,01,E0,00,78,3B,
34747795,000002B5,false,Rx,0,8,B0,00,32,00,00,00,00,82,
34748038,000002B6,false,Rx,0,8,B2,00,00,01,E0,00,78,2B,
34847777,000002B5,false,Rx,0,8,C0,00,32,00,00,00,00,F2,
34848010,000002B6,false,Rx,0,8,C2,00,00,01,E0,00,78,5B,
34947781,000002B5,false,Rx,0,8,D0,00,32,00,00,00,00,E2,
34948012,000002B6,false,Rx,0,8,D2,00,00,01,E0,00,78,4B,
35047788,000002B5,false,Rx,0,8,E0,00,32,00,00,00,00,D2,
35048030,000002B6,false,Rx,0,8,E2,00,00,01,E0,00,78,7B,
35147787,000002B5,false,Rx,0,8,F0,00,32,00,00,00,00,C2,
35148019,000002B6,false,Rx,0,8,F2,00,00,01,E0,00,78,6B,
35247792,000002B5,false,Rx,0,8,00,00,32,00,00,00,00,32,
35248025,000002B6,false,Rx,0,8,02,00,00,01,E0,00,78,9B,
35347772,000002B5,false,Rx,0,8,10,00,32,00,00,00,00,22,
35348005,000002B6,false,Rx,0,8,12,00,00,01,E0,00,78,8B,
35447769,000002B5,false,Rx,0,8,20,00,32,00,00,00,00,12,
35448011,000002B6,false,Rx,0,8,22,00,00,01,E0,00,78,BB,
35547780,000002B5,false,Rx,0,8,30,00,32,00,00,00,00,02,
35548012,000002B6,false,Rx,0,8,32,00,00,01,E0,00,78,AB,
35647772,000002B5,false,Rx,0,8,40,00,32,00,00,00,00,72,
35648004,000002B6,false,Rx,0,8,42,00,00,01,E0,00,78,DB,
35747771,000002B5,false,Rx,0,8,50,00,32,00,00,00,00,62,
35748004,000002B6,false,Rx,0,8,52,00,00,01,E0,00,78,CB,
35847769,000002B5,false,Rx,0,8,60,00,32,00,00,00,00,52,
35848002,000002B6,false,Rx,0,8,62,00,00,01,E0,00,78,FB,
35947755,000002B5,false,Rx,0,8,70,00,32,00,00,00,00,42,
35947987,000002B6,false,Rx,0,8,72,00,00,01,E0,00,78,EB,
36047763,000002B5,false,Rx,0,8,80,00,32,00,00,00,00,B2,
36048005,000002B6,false,Rx,0,8,82,00,00,01,E0,00,78,1B,
36147751,000002B5,false,Rx,0,8,90,00,32,00,00,00,00,A2,
36147983,000002B6,false,Rx,0,8,92,00,00,01,E0,00,78,0B,
36247764,000002B5,false,Rx,0,8,A0,00,32,00,00,00,00,92,
36247998,000002B6,false,Rx,0,8,A2,00,00,01,E0,00,78,3B,
36347766,000002B5,false,Rx,0,8,B0,00,32,00,00,00,00,82,
36347998,000002B6,false,Rx,0,8,B2,00,00,01,E0,00,78,2B,
36447751,000002B5,false,Rx,0,8,C0,00,32,00,00,00,00,F2,
36447983,000002B6,false,Rx,0,8,C2,00,00,01,E0,00,78,5B,
36547742,000002B5,false,Rx,0,8,D0,00,32,00,00,00,00,E2,
36547974,000002B6,false,Rx,0,8,D2,00,00,01,E0,00,78,4B,
36647737,000002B5,false,Rx,0,8,E0,00,32,00,00,00,00,D2,
36647979,000002B6,false,Rx,0,8,E2,00,00,01,E0,00,78,7B,
36747749,000002B5,false,Rx,0,8,F0,00,32,00,00,00,00,C2,
36747982,000002B6,false,Rx,0,8,F2,00,00,01,E0,00,78,6B,
36847743,000002B5,false,Rx,0,8,00,00,32,00,00,00,00,32,
36847985,000002B6,false,Rx,0,8,02,00,00,01,E0,00,78,9B,
36947728,000002B5,false,Rx,0,8,10,00,32,00,00,00,00,22,
36947970,000002B6,false,Rx,0,8,12,00,00,01,E0,00,78,8B,
37047749,000002B5,false,Rx,0,8,20,00,32,00,00,00,00,12,
37047981,000002B6,false,Rx,0,8,22,00,00,01,E0,00,78,BB,
37147743,000002B5,false,Rx,0,8,30,00,32,00,00,00,00,02,
37147975,000002B6,false,Rx,0,8,32,00,00,01,E0,00,78,AB,
37247726,000002B5,false,Rx,0,8,40,00,32,00,00,00,00,72,
37247959,000002B6,false,Rx,0,8,42,00,00,01,E0,00,78,DB,
37347720,000002B5,false,Rx,0,8,50,00,32,00,00,00,00,62,
37347952,000002B6,false,Rx,0,8,52,00,00,01,E0,00,78,CB,
37447713,000002B5,false,Rx,0,8,60,00,32,00,00,00,00,52,
37447955,000002B6,false,Rx,0,8,62,00,00,01,E0,00,78,FB,
37547716,000002B5,false,Rx,0,8,70,00,32,00,00,00,00,42,
37547947,000002B6,false,Rx,0,8,72,00,00,01,E0,00,78,EB,
37647708,000002B5,false,Rx,0,8,80,00,32,00,00,00,00,B2,
37647950,000002B6,false,Rx,0,8,82,00,00,01,E0,00,78,1B,
37747713,000002B5,false,Rx,0,8,90,00,32,00,00,00,00,A2,
37747946,000002B6,false,Rx,0,8,92,00,00,01,E0,00,78,0B,
37847725,000002B5,false,Rx,0,8,A0,00,32,00,00,00,00,92,
37847957,000002B6,false,Rx,0,8,A2,00,00,01,E0,00,78,3B,
37947712,000002B5,false,Rx,0,8,B0,00,32,00,00,00,00,82,
37947954,000002B6,false,Rx,0,8,B2,00,00,01,E0,00,78,2B,
38047703,000002B5,false,Rx,0,8,C0,00,32,00,00,00,00,F2,
38047934,000002B6,false,Rx,0,8,C2,00,00,01,E0,00,78,5B,
38147718,000002B5,false,Rx,0,8,D0,00,32,00,00,00,00,E2,
38147951,000002B6,false,Rx,0,8,D2,00,00,01,E0,00,78,4B,
38247703,000002B5,false,Rx,0,8,E0,00,32,00,00,00,00,D2,
38247936,000002B6,false,Rx,0,8,E2,00,00,01,E0,00,78,7B,
38347692,000002B5,false,Rx,0,8,F0,00,32,00,00,00,00,C2,
38347934,000002B6,false,Rx,0,8,F2,00,00,01,E0,00,78,6B,
38447698,000002B5,false,Rx,0,8,00,00,32,00,00,00,00,32,
38447930,000002B6,false,Rx,0,8,02,00,00,01,E0,00,78,9B,
38547706,000002B5,false,Rx,0,8,10,00,32,00,00,00,00,22,
38547938,000002B6,false,Rx,0,8,12,00,00,01,E0,00,78,8B,
38647703,000002B5,false,Rx,0,8,20,00,32,00,00,00,00,12,
38647946,000002B6,false,Rx,0,8,22,00,00,01,E0,00,78,BB,
38747699,000002B5,false,Rx,0,8,30,00,32,00,00,00,00,02,
38747932,000002B6,false,Rx,0,8,32,00,00,01,E0,00,78,AB,
38847697,000002B5,false,Rx,0,8,40,00,32,00,00,00,00,72,
38847929,000002B6,false,Rx,0,8,42,00,00,01,E0,00,78,DB,
38947693,000002B5,false,Rx,0,8,50,00,32,00,00,00,00,62,
38947924,000002B6,false,Rx,0,8,52,00,00,01,E0,00,78,CB,
39047683,000002B5,false,Rx,0,8,60,00,32,00,00,00,00,52,
39047915,000002B6,false,Rx,0,8,62,00,00,01,E0,00,78,FB,
39147670,000002B5,false,Rx,0,8,70,00,32,00,00,00,00,42,
39147913,000002B6,false,Rx,0,8,72,00,00,01,E0,00,78,EB,
39247684,000002B5,false,Rx,0,8,80,00,32,00,00,00,00,B2,
39247927,000002B6,false,Rx,0,8,82,00,00,01,E0,00,78,1B,
39347672,000002B5,false,Rx,0,8,90,00,32,00,00,00,00,A2,
39347914,000002B6,false,Rx,0,8,92,00,00,01,E0,00,78,0B,
39447668,000002B5,false,Rx,0,8,A0,00,32,00,00,00,00,92,
39447910,000002B6,false,Rx,0,8,A2,00,00,01,E0,00,78,3B,
39547688,000002B5,false,Rx,0,8,B0,00,32,00,00,00,00,82,
39547920,000002B6,false,Rx,0,8,B2,00,00,01,E0,00,78,2B,
39647664,000002B5,false,Rx,0,8,C0,00,32,00,00,00,00,F2,
39647897,000002B6,false,Rx,0,8,C2,00,00,01,E0,00,78,5B,
39747678,000002B5,false,Rx,0,8,D0,00,32,00,00,00,00,E2,
39747912,000002B6,false,Rx,0,8,D2,00,00,01,E0,00,78,4B,
39847672,000002B5,false,Rx,0,8,E0,00,32,00,00,00,00,D2,
39847914,000002B6,false,Rx,0,8,E2,00,00,01,E0,00,78,7B,
39947665,000002B5,false,Rx,0,8,F0,00,32,00,00,00,00,C2,
39947907,000002B6,false,Rx,0,8,F2,00,00,01,E0,00,78,6B,
40047672,000002B5,false,Rx,0,8,00,00,32,00,00,00,00,32,
40047904,000002B6,false,Rx,0,8,02,00,00,01,E0,00,78,9B,
40147651,000002B5,false,Rx,0,8,10,00,32,00,00,00,00,22,
40147894,000002B6,false,Rx,0,8,12,00,00,01,E0,00,78,8B,
40247660,000002B5,false,Rx,0,8,20,00,32,00,00,00,00,12,
40247891,000002B6,false,Rx,0,8,22,00,00,01,E0,00,78,BB,
40347649,000002B5,false,Rx,0,8,30,00,32,00,00,00,00,02,
40347891,000002B6,false,Rx,0,8,32,00,00,01,E0,00,78,AB,
40447650,000002B5,false,Rx,0,8,40,00,32,00,00,00,00,72,
40447882,000002B6,false,Rx,0,8,42,00,00,01,E0,00,78,DB,
40547637,000002B5,false,Rx,0,8,50,00,32,00,00,00,00,62,
40547879,000002B6,false,Rx,0,8,52,00,00,01,E0,00,78,CB,
40647650,000002B5,false,Rx,0,8,60,00,32,00,00,00,00,52,
40647893,000002B6,false,Rx,0,8,62,00,00,01,E0,00,78,FB,
40747647,000002B5,false,Rx,0,8,70,00,32,00,00,00,00,42,
40747889,000002B6,false,Rx,0,8,72,00,00,01,E0,00,78,EB,
40847644,000002B5,false,Rx,0,8,80,00,32,00,00,00,00,B2,
40847886,000002B6,false,Rx,0,8,82,00,00,01,E0,00,78,1B,
40947650,000002B5,false,Rx,0,8,90,00,32,00,00,00,00,A2,
40947881,000002B6,false,Rx,0,8,92,00,00,01,E0,00,78,0B,
41047648,000002B5,false,Rx,0,8,A0,00,32,00,00,00,00,92,
41047880,000002B6,false,Rx,0,8,A2,00,00,01,E0,00,78,3B,
41147645,000002B5,false,Rx,0,8,B0,00,32,00,00,00,00,82,
41147888,000002B6,false,Rx,0,8,B2,00,00,01,E0,00,78,2B,
41247642,000002B5,false,Rx,0,8,C0,00,32,00,00,00,00,F2,
41247874,000002B6,false,Rx,0,8,C2,00,00,01,E0,00,78,5B,
41347619,000002B5,false,Rx,0,8,D0,00,32,00,00,00,00,E2,
41347851,000002B6,false,Rx,0,8,D2,00,00,01,E0,00,78,4B,
41447624,000002B5,false,Rx,0,8,E0,00,32,00,00,00,00,D2,
41447856,000002B6,false,Rx,0,8,E2,00,00,01,E0,00,78,7B,
41547627,000002B5,false,Rx,0,8,F0,00,32,00,00,00,00,C2,
41547869,000002B6,false,Rx,0,8,F2,00,00,01,E0,00,78,6B,
41647632,000002B5,false,Rx,0,8,00,00,32,00,00,00,00,32,
41647865,000002B6,false,Rx,0,8,02,00,00,01,E0,00,78,9B,
41747617,000002B5,false,Rx,0,8,10,00,32,00,00,00,00,22,
41747849,000002B6,false,Rx,0,8,12,00,00,01,E0,00,78,8B,
41847627,000002B5,false,Rx,0,8,20,00,32,00,00,00,00,12,
41847869,000002B6,false,Rx,0,8,22,00,00,01,E0,00,78,BB,
41947621,000002B5,false,Rx,0,8,30,00,32,00,00,00,00,02,
41947863,000002B6,false,Rx,0,8,32,00,00,01,E0,00,78,AB,
42047607,000002B5,false,Rx,0,8,40,00,32,00,00,00,00,72,
42047839,000002B6,false,Rx,0,8,42,00,00,01,E0,00,78,DB,
42147612,000002B5,false,Rx,0,8,50,00,32,00,00,00,00,62,
42147846,000002B6,false,Rx,0,8,52,00,00,01,E0,00,78,CB,
42247612,000002B5,false,Rx,0,8,60,00,32,00,00,00,00,52,
42247854,000002B6,false,Rx,0,8,62,00,00,01,E0,00,78,FB,
42347597,000002B5,false,Rx,0,8,70,00,32,00,00,00,00,42,
42347829,000002B6,false,Rx,0,8,72,00,00,01,E0,00,78,EB,
42447607,000002B5,false,Rx,0,8,80,00,32,00,00,00,00,B2,
42447849,000002B6,false,Rx,0,8,82,00,00,01,E0,00,78,1B,
42547604,000002B5,false,Rx,0,8,90,00,32,00,00,00,00,A2,
42547847,000002B6,false,Rx,0,8,92,00,00,01,E0,00,78,0B,
42647597,000002B5,false,Rx,0,8,A0,00,32,00,00,00,00,92,
42647830,000002B6,false,Rx,0,8,A2,00,00,01,E0,00,78,3B,
42747594,000002B5,false,Rx,0,8,B0,00,32,00,00,00,00,82,
42747836,000002B6,false,Rx,0,8,B2,00,00,01,E0,00,78,2B,
42847601,000002B5,false,Rx,0,8,C0,00,32,00,00,00,00,F2,
42847833,000002B6,false,Rx,0,8,C2,00,00,01,E0,00,78,5B,
42947597,000002B5,false,Rx,0,8,D0,00,32,00,00,00,00,E2,
42947828,000002B6,false,Rx,0,8,D2,00,00,01,E0,00,78,4B,
43047587,000002B5,false,Rx,0,8,E0,00,32,00,00,00,00,D2,
43047820,000002B6,false,Rx,0,8,E2,00,00,01,E0,00,78,7B,
43147589,000002B5,false,Rx,0,8,F0,00,32,00,00,00,00,C2,
43147833,000002B6,false,Rx,0,8,F2,00,00,01,E0,00,78,6B,
43247578,000002B5,false,Rx,0,8,00,00,32,00,00,00,00,32,
43247820,000002B6,false,Rx,0,8,02,00,00,01,E0,00,78,9B,
43347576,000002B5,false,Rx,0,8,10,00,32,00,00,00,00,22,
43347808,000002B6,false,Rx,0,8,12,00,00,01,E0,00,78,8B,
43447592,000002B5,false,Rx,0,8,20,00,32,00,00,00,00,12,
43447834,000002B6,false,Rx,0,8,22,00,00,01,E0,00,78,BB,
43547584,000002B5,false,Rx,0,8,30,00,32,00,00,00,00,02,
43547817,000002B6,false,Rx,0,8,32,00,00,01,E0,00,78,AB,
43647578,000002B5,false,Rx,0,8,40,00,32,00,00,00,00,72,
43647811,000002B6,false,Rx,0,8,42,00,00,01,E0,00,78,DB,
43747574,000002B5,false,Rx,0,8,50,00,32,00,00,00,00,62,
43747815,000002B6,false,Rx,0,8,52,00,00,01,E0,00,78,CB,
43847572,000002B5,false,Rx,0,8,60,00,32,00,00,00,00,52,
43847813,000002B6,false,Rx,0,8,62,00,00,01,E0,00,78,FB,
43947559,000002B5,false,Rx,0,8,70,00,32,00,00,00,00,42,
43947790,000002B6,false,Rx,0,8,72,00,00,01,E0,00,78,EB,
44047559,000002B5,false,Rx,0,8,80,00,32,00,00,00,00,B2,
44047802,000002B6,false,Rx,0,8,82,00,00,01,E0,00,78,1B,
44147552,000002B5,false,Rx,0,8,90,00,32,00,00,00,00,A2,
44147796,000002B6,false,Rx,0,8,92,00,00,01,E0,00,78,0B,
44247569,000002B5,false,Rx,0,8,A0,00,32,00,00,00,00,92,
44247811,000002B6,false,Rx,0,8,A2,00,00,01,E0,00,78,3B,
44347566,000002B5,false,Rx,0,8,B0,00,32,00,00,00,00,82,
44347808,000002B6,false,Rx,0,8,B2,00,00,01,E0,00,78,2B,
44447564,000002B5,false,Rx,0,8,C0,00,32,00,00,00,00,F2,
44447796,000002B6,false,Rx,0,8,C2,00,00,01,E0,00,78,5B,
44547542,000002B5,false,Rx,0,8,D0,00,32,00,00,00,00,E2,
44547775,000002B6,false,Rx,0,8,D2,00,00,01,E0,00,78,4B,
44647561,000002B5,false,Rx,0,8,E0,00,32,00,00,00,00,D2,
44647793,000002B6,false,Rx,0,8,E2,00,00,01,E0,00,78,7B,
44747546,000002B5,false,Rx,0,8,F0,00,32,00,00,00,00,C2,
44747777,000002B6,false,Rx,0,8,F2,00,00,01,E0,00,78,6B,
44847556,000002B5,false,Rx,0,8,00,00,32,00,00,00,00,32,
44847788,000002B6,false,Rx,0,8,02,00,00,01,E0,00,78,9B,
44947549,000002B5,false,Rx,0,8,10,00,32,00,00,00,00,22,
44947791,000002B6,false,Rx,0,8,12,00,00,01,E0,00,78,8B,
45047536,000002B5,false,Rx,0,8,20,00,32,00,00,00,00,12,
45047779,000002B6,false,Rx,0,8,22,00,00,01,E0,00,78,BB,
45147548,000002B5,false,Rx,0,8,30,00,32,00,00,00,00,02,
45147779,000002B6,false,Rx,0,8,32,00,00,01,E0,00,78,AB,
45247542,000002B5,false,Rx,0,8,40,00,32,00,00,00,00,72,
45247774,000002B6,false,Rx,0,8,42,00,00,01,E0,00,78,DB,
45347536,000002B5,false,Rx,0,8,50,00,32,00,00,00,00,62,
45347768,000002B6,false,Rx,0,8,52,00,00,01,E0,00,78,CB,
45447536,000002B5,false,Rx,0,8,60,00,32,00,00,00,00,52,
45447778,000002B6,false,Rx,0,8,62,00,00,01,E0,00,78,FB,
45547526,000002B5,false,Rx,0,8,70,00,32,00,00,00,00,42,
45547760,000002B6,false,Rx,0,8,72,00,00,01,E0,00,78,EB,
45647535,000002B5,false,Rx,0,8,80,00,32,00,00,00,00,B2,
45647777,000002B6,false,Rx,0,8,82,00,00,01,E0,00,78,1B,
45747531,000002B5,false,Rx,0,8,90,00,32,00,00,00,00,A2,
45747772,000002B6,false,Rx,0,8,92,00,00,01,E0,00,78,0B,
45847528,000002B5,false,Rx,0,8,A0,00,32,00,00,00,00,92,
45847770,000002B6,false,Rx,0,8,A2,00,00,01,E0,00,78,3B,
45947514,000002B5,false,Rx,0,8,B0,00,32,00,00,00,00,82,
45947757,000002B6,false,Rx,0,8,B2,00,00,01,E0,00,78,2B,
46047524,000002B5,false,Rx,0,8,C0,00,32,00,00,00,00,F2,
46047757,000002B6,false,Rx,0,8,C2,00,00,01,E0,00,78,5B,
46147511,000002B5,false,Rx,0,8,D0,00,32,00,00,00,00,E2,
46147743,000002B6,false,Rx,0,8,D2,00,00,01,E0,00,78,4B,
46247503,000002B5,false,Rx,0,8,E0,00,32,00,00,00,00,D2,
46247745,000002B6,false,Rx,0,8,E2,00,00,01,E0,00,78,7B,
46347498,000002B5,false,Rx,0,8,F0,00,32,00,00,00,00,C2,
46347739,000002B6,false,Rx,0,8,F2,00,00,01,E0,00,78,6B,
46447516,000002B5,false,Rx,0,8,00,00,32,00,00,00,00,32,
46447749,000002B6,false,Rx,0,8,02,00,00,01,E0,00,78,9B,
46547502,000002B5,false,Rx,0,8,10,00,32,00,00,00,00,22,
46547735,000002B6,false,Rx,0,8,12,00,00,01,E0,00,78,8B,
46647516,000002B5,false,Rx,0,8,20,00,32,00,00,00,00,12,
46647748,000002B6,false,Rx,0,8,22,00,00,01,E0,00,78,BB,
46747503,000002B5,false,Rx,0,8,30,00,32,00,00,00,00,02,
46747745,000002B6,false,Rx,0,8,32,00,00,01,E0,00,78,AB,
46847498,000002B5,false,Rx,0,8,40,00,32,00,00,00,00,72,
46847740,000002B6,false,Rx,0,8,42,00,00,01,E0,00,78,DB,
46947496,000002B5,false,Rx,0,8,50,00,32,00,00,00,00,62,
46947729,000002B6,false,Rx,0,8,52,00,00,01,E0,00,78,CB,
47047493,000002B5,false,Rx,0,8,60,00,32,00,00,00,00,52,
47047737,000002B6,false,Rx,0,8,62,00,00,01,E0,00,78,FB,
47147493,000002B5,false,Rx,0,8,70,00,32,00,00,00,00,42,
47147734,000002B6,false,Rx,0,8,72,00,00,01,E0,00,78,EB,
47247490,000002B5,false,Rx,0,8,80,00,32,00,00,00,00,B2,
47247732,000002B6,false,Rx,0,8,82,00,00,01,E0,00,78,1B,
47347493,000002B5,false,Rx,0,8,90,00,32,00,00,00,00,A2,
47347725,000002B6,false,Rx,0,8,92,00,00,01,E0,00,78,0B,
47447475,000002B5,false,Rx,0,8,A0,00,32,00,00,00,00,92,
47447719,000002B6,false,Rx,0,8,A2,00,00,01,E0,00,78,3B,
47547485,000002B5,false,Rx,0,8,B0,00,32,00,00,00,00,82,
47547729,000002B6,false,Rx,0,8,B2,00,00,01,E0,00,78,2B,
47647488,000002B5,false,Rx,0,8,C0,00,32,00,00,00,00,F2,
47647720,000002B6,false,Rx,0,8,C2,00,00,01,E0,00,78,5B,
47747465,000002B5,false,Rx,0,8,D0,00,32,00,00,00,00,E2,
47747707,000002B6,false,Rx,0,8,D2,00,00,01,E0,00,78,4B,
47847478,000002B5,false,Rx,0,8,E0,00,32,00,00,00,00,D2,
47847720,000002B6,false,Rx,0,8,E2,00,00,01,E0,00,78,7B,
47947461,000002B5,false,Rx,0,8,F0,00,32,00,00,00,00,C2,
47947704,000002B6,false,Rx,0,8,F2,00,00,01,E0,00,78,6B,
48047485,000002B5,false,Rx,0,8,00,00,32,00,00,00,00,32,
48047717,000002B6,false,Rx,0,8,02,00,00,01,E0,00,78,9B,
48147458,000002B5,false,Rx,0,8,10,00,32,00,00,00,00,22,
48147700,000002B6,false,Rx,0,8,12,00,00,01,E0,00,78,8B,
48247460,000002B5,false,Rx,0,8,20,00,32,00,00,00,00,12,
48247702,000002B6,false,Rx,0,8,22,00,00,01,E0,00,78,BB,
48347453,000002B5,false,Rx,0,8,30,00,32,00,00,00,00,02,
48347695,000002B6,false,Rx,0,8,32,00,00,01,E0,00,78,AB,
48447466,000002B5,false,Rx,0,8,40,00,32,00,00,00,00,72,
48447699,000002B6,false,Rx,0,8,42,00,00,01,E0,00,78,DB,
48547449,000002B5,false,Rx,0,8,50,00,32,00,00,00,00,62,
48547681,000002B6,false,Rx,0,8,52,00,00,01,E0,00,78,CB,
48647443,000002B5,false,Rx,0,8,60,00,32,00,00,00,00,52,
48647685,000002B6,false,Rx,0,8,62,00,00,01,E0,00,78,FB,
48747455,000002B5,false,Rx,0,8,70,00,32,00,00,00,00,42,
48747687,000002B6,false,Rx,0,8,72,00,00,01,E0,00,78,EB,
48847438,000002B5,false,Rx,0,8,80,00,32,00,00,00,00,B2,
48847680,000002B6,false,Rx,0,8,82,00,00,01,E0,00,78,1B,
48947451,000002B5,false,Rx,0,8,90,00,32,00,00,00,00,A2,
48947694,000002B6,false,Rx,0,8,92,00,00,01,E0,00,78,0B,
49047455,000002B5,false,Rx,0,8,A0,00,32,00,00,00,00,92,
49047687,000002B6,false,Rx,0,8,A2,00,00,01,E0,00,78,3B,
49147440,000002B5,false,Rx,0,8,B0,00,32,00,00,00,00,82,
49147682,000002B6,false,Rx,0,8,B2,00,00,01,E0,00,78,2B,
49247443,000002B5,false,Rx,0,8,C0,00,32,00,00,00,00,F2,
49247685,000002B6,false,Rx,0,8,C2,00,00,01,E0,00,78,5B,
49347435,000002B5,false,Rx,0,8,D0,00,32,00,00,00,00,E2,
49347667,000002B6,false,Rx,0,8,D2,00,00,01,E0,00,78,4B,
49447438,000002B5,false,Rx,0,8,E0,00,32,00,00,00,00,D2,
49447681,000002B6,false,Rx,0,8,E2,00,00,01,E0,00,78,7B,
49547424,000002B5,false,Rx,0,8,F0,00,32,00,00,00,00,C2,
49547666,000002B6,false,Rx,0,8,F2,00,00,01,E0,00,78,6B,
49647439,000002B5,false,Rx,0,8,00,00,32,00,00,00,00,32,
49647671,000002B6,false,Rx,0,8,02,00,00,01,E0,00,78,9B,
49747440,000002B5,false,Rx,0,8,10,00,32,00,00,00,00,22,
49747672,000002B6,false,Rx,0,8,12,00,00,01,E0,00,78,8B,
49847420,000002B5,false,Rx,0,8,20,00,32,00,00,00,00,12,
49847663,000002B6,false,Rx,0,8,22,00,00,01,E0,00,78,BB,
49947427,000002B5,false,Rx,0,8,30,00,32,00,00,00,00,02,
49947670,000002B6,false,Rx,0,8,32,00,00,01,E0,00,78,AB,
50047429,000002B5,false,Rx,0,8,40,00,32,00,00,00,00,72,
50047661,000002B6,false,Rx,0,8,42,00,00,01,E0,00,78,DB,
50147424,000002B5,false,Rx,0,8,50,00,32,00,00,00,00,62,
50147656,000002B6,false,Rx,0,8,52,00,00,01,E0,00,78,CB,
50247420,000002B5,false,Rx,0,8,60,00,32,00,00,00,00,52,
50247662,000002B6,false,Rx,0,8,62,00,00,01,E0,00,78,FB,
50347407,000002B5,false,Rx,0,8,70,00,32,00,00,00,00,42,
50347640,000002B6,false,Rx,0,8,72,00,00,01,E0,00,78,EB,
50447402,000002B5,false,Rx,0,8,80,00,32,00,00,00,00,B2,
50447646,000002B6,false,Rx,0,8,82,00,00,01,E0,00,78,1B,
50547412,000002B5,false,Rx,0,8,90,00,32,00,00,00,00,A2,
50547654,000002B6,false,Rx,0,8,92,00,00,01,E0,00,78,0B,
50647399,000002B5,false,Rx,0,8,A0,00,32,00,00,00,00,92,
50647641,000002B6,false,Rx,0,8,A2,00,00,01,E0,00,78,3B,
50747402,000002B5,false,Rx,0,8,B0,00,32,00,00,00,00,82,
50747644,000002B6,false,Rx,0,8,B2,00,00,01,E0,00,78,2B,
50847395,000002B5,false,Rx,0,8,C0,00,32,00,00,00,00,F2,
50847628,000002B6,false,Rx,0,8,C2,00,00,01,E0,00,78,5B,
50947407,000002B5,false,Rx,0,8,D0,00,32,00,00,00,00,E2,
50947640,000002B6,false,Rx,0,8,D2,00,00,01,E0,00,78,4B,
51047391,000002B5,false,Rx,0,8,E0,00,32,00,00,00,00,D2,
51047633,000002B6,false,Rx,0,8,E2,00,00,01,E0,00,78,7B,
51147396,000002B5,false,Rx,0,8,F0,00,32,00,00,00,00,C2,
51147638,000002B6,false,Rx,0,8,F2,00,00,01,E0,00,78,6B,
51247387,000002B5,false,Rx,0,8,00,00,32,00,00,00,00,32,
51247629,000002B6,false,Rx,0,8,02,00,00,01,E0,00,78,9B,
51347382,000002B5,false,Rx,0,8,10,00,32,00,00,00,00,22,
51347625,000002B6,false,Rx,0,8,12,00,00,01,E0,00,78,8B,
51447405,000002B5,false,Rx,0,8,20,00,32,00,00,00,00,12,
51447636,000002B6,false,Rx,0,8,22,00,00,01,E0,00,78,BB,
51547384,000002B5,false,Rx,0,8,30,00,32,00,00,00,00,02,
51547615,000002B6,false,Rx,0,8,32,00,00,01,E0,00,78,AB,
51647380,000002B5,false,Rx,0,8,40,00,32,00,00,00,00,72,
51647612,000002B6,false,Rx,0,8,42,00,00,01,E0,00,78,DB,
51747387,000002B5,false,Rx,0,8,50,00,32,00,00,00,00,62,
51747619,000002B6,false,Rx,0,8,52,00,00,01,E0,00,78,CB,
51847371,000002B5,false,Rx,0,8,60,00,32,00,00,00,00,52,
51847605,000002B6,false,Rx,0,8,62,00,00,01,E0,00,78,FB,
51947381,000002B5,false,Rx,0,8,70,00,32,00,00,00,00,42,
51947613,000002B6,false,Rx,0,8,72,00,00,01,E0,00,78,EB,
52047379,000002B5,false,Rx,0,8,80,00,32,00,00,00,00,B2,
52047621,000002B6,false,Rx,0,8,82,00,00,01,E0,00,78,1B,
52147365,000002B5,false,Rx,0,8,90,00,32,00,00,00,00,A2,
52147599,000002B6,false,Rx,0,8,92,00,00,01,E0,00,78,0B,
52247363,000002B5,false,Rx,0,8,A0,00,32,00,00,00,00,92,
52247606,000002B6,false,Rx,0,8,A2,00,00,01,E0,00,78,3B,
52347377,000002B5,false,Rx,0,8,B0,00,32,00,00,00,00,82,
52347620,000002B6,false,Rx,0,8,B2,00,00,01,E0,00,78,2B,
52447370,000002B5,false,Rx,0,8,C0,00,32,00,00,00,00,F2,
52447603,000002B6,false,Rx,0,8,C2,00,00,01,E0,00,78,5B,
52547365,000002B5,false,Rx,0,8,D0,00,32,00,00,00,00,E2,
52547599,000002B6,false,Rx,0,8,D2,00,00,01,E0,00,78,4B,
52647365,000002B5,false,Rx,0,8,E0,00,32,00,00,00,00,D2,
52647599,000002B6,false,Rx,0,8,E2,00,00,01,E0,00,78,7B,
52747351,000002B5,false,Rx,0,8,F0,00,32,00,00,00,00,C2,
52747584,000002B6,false,Rx,0,8,F2,00,00,01,E0,00,78,6B,
52847348,000002B5,false,Rx,0,8,00,00,32,00,00,00,00,32,
52847592,000002B6,false,Rx,0,8,02,00,00,01,E0,00,78,9B,
52947355,000002B5,false,Rx,0,8,10,00,32,00,00,00,00,22,
52947598,000002B6,false,Rx,0,8,12,00,00,01,E0,00,78,8B,
53047363,000002B5,false,Rx,0,8,20,00,32,00,00,00,00,12,
53047596,000002B6,false,Rx,0,8,22,00,00,01,E0,00,78,BB,
53147338,000002B5,false,Rx,0,8,30,00,32,00,00,00,00,02,
53147581,000002B6,false,Rx,0,8,32,00,00,01,E0,00,78,AB,
53247346,000002B5,false,Rx,0,8,40,00,32,00,00,00,00,72,
53247589,000002B6,false,Rx,0,8,42,00,00,01,E0,00,78,DB,
53347343,000002B5,false,Rx,0,8,50,00,32,00,00,00,00,62,
53347577,000002B6,false,Rx,0,8,52,00,00,01,E0,00,78,CB,
53447331,000002B5,false,Rx,0,8,60,00,32,00,00,00,00,52,
53447574,000002B6,false,Rx,0,8,62,00,00,01,E0,00,78,FB,
53547340,000002B5,false,Rx,0,8,70,00,32,00,00,00,00,42,
53547573,000002B6,false,Rx,0,8,72,00,00,01,E0,00,78,EB,
53647325,000002B5,false,Rx,0,8,80,00,32,00,00,00,00,B2,
53647568,000002B6,false,Rx,0,8,82,00,00,01,E0,00,78,1B,
53747331,000002B5,false,Rx,0,8,90,00,32,00,00,00,00,A2,
53747565,000002B6,false,Rx,0,8,92,00,00,01,E0,00,78,0B,
53847321,000002B5,false,Rx,0,8,A0,00,32,00,00,00,00,92,
53847565,000002B6,false,Rx,0,8,A2,00,00,01,E0,00,78,3B,
53947336,000002B5,false,Rx,0,8,B0,00,32,00,00,00,00,82,
53947580,000002B6,false,Rx,0,8,B2,00,00,01,E0,00,78,2B,
54047322,000002B5,false,Rx,0,8,C0,00,32,00,00,00,00,F2,
54047555,000002B6,false,Rx,0,8,C2,00,00,01,E0,00,78,5B,
54147328,000002B5,false,Rx,0,8,D0,00,32,00,00,00,00,E2,
54147561,000002B6,false,Rx,0,8,D2,00,00,01,E0,00,78,4B,
54247328,000002B5,false,Rx,0,8,E0,00,32,00,00,00,00,D2,
54247562,000002B6,false,Rx,0,8,E2,00,00,01,E0,00,78,7B,
54347323,000002B5,false,Rx,0,8,F0,00,32,00,00,00,00,C2,
54347557,000002B6,false,Rx,0,8,F2,00,00,01,E0,00,78,6B,
54447312,000002B5,false,Rx,0,8,00,00,32,00,00,00,00,32,
54447545,000002B6,false,Rx,0,8,02,00,00,01,E0,00,78,9B,
54547320,000002B5,false,Rx,0,8,10,00,32,00,00,00,00,22,
54547552,000002B6,false,Rx,0,8,12,00,00,01,E0,00,78,8B,
54647322,000002B5,false,Rx,0,8,20,00,32,00,00,00,00,12,
54647565,000002B6,false,Rx,0,8,22,00,00,01,E0,00,78,BB,
54747318,000002B5,false,Rx,0,8,30,00,32,00,00,00,00,02,
54747552,000002B6,false,Rx,0,8,32,00,00,01,E0,00,78,AB,
54847315,000002B5,false,Rx,0,8,40,00,32,00,00,00,00,72,
54847550,000002B6,false,Rx,0,8,42,00,00,01,E0,00,78,DB,
54947291,000002B5,false,Rx,0,8,50,00,32,00,00,00,00,62,
54947534,000002B6,false,Rx,0,8,52,00,00,01,E0,00,78,CB,
55047312,000002B5,false,Rx,0,8,60,00,32,00,00,00,00,52,
55047545,000002B6,false,Rx,0,8,62,00,00,01,E0,00,78,FB,
55147307,000002B5,false,Rx,0,8,70,00,32,00,00,00,00,42,
55147540,000002B6,false,Rx,0,8,72,00,00,01,E0,00,78,EB,
55247293,000002B5,false,Rx,0,8,80,00,32,00,00,00,00,B2,
55247527,000002B6,false,Rx,0,8,82,00,00,01,E0,00,78,1B,
55347303,000002B5,false,Rx,0,8,90,00,32,00,00,00,00,A2,
55347537,000002B6,false,Rx,0,8,92,00,00,01,E0,00,78,0B,
55447284,000002B5,false,Rx,0,8,A0,00,32,00,00,00,00,92,
55447527,000002B6,false,Rx,0,8,A2,00,00,01,E0,00,78,3B,
55547286,000002B5,false,Rx,0,8,B0,00,32,00,00,00,00,82,
55547529,000002B6,false,Rx,0,8,B2,00,00,01,E0,00,78,2B,
55647282,000002B5,false,Rx,0,8,C0,00,32,00,00,00,00,F2,
55647515,000002B6,false,Rx,0,8,C2,00,00,01,E0,00,78,5B,
55747287,000002B5,false,Rx,0,8,D0,00,32,00,00,00,00,E2,
55747522,000002B6,false,Rx,0,8,D2,00,00,01,E0,00,78,4B,
55847276,000002B5,false,Rx,0,8,E0,00,32,00,00,00,00,D2,
55847519,000002B6,false,Rx,0,8,E2,00,00,01,E0,00,78,7B,
55947285,000002B5,false,Rx,0,8,F0,00,32,00,00,00,00,C2,
55947518,000002B6,false,Rx,0,8,F2,00,00,01,E0,00,78,6B,
56047285,000002B5,false,Rx,0,8,00,00,32,00,00,00,00,32,
56047528,000002B6,false,Rx,0,8,02,00,00,01,E0,00,78,9B,
56147288,000002B5,false,Rx,0,8,10,00,32,00,00,00,00,22,
56147521,000002B6,false,Rx,0,8,12,00,00,01,E0,00,78,8B,
56247275,000002B5,false,Rx,0,8,20,00,32,00,00,00,00,12,
56247509,000002B6,false,Rx,0,8,22,00,00,01,E0,00,78,BB,
56347281,000002B5,false,Rx,0,8,30,00,32,00,00,00,00,02,
56347514,000002B6,false,Rx,0,8,32,00,00,01,E0,00,78,AB,
56447259,000002B5,false,Rx,0,8,40,00,32,00,00,00,00,72,
56447492,000002B6,false,Rx,0,8,42,00,00,01,E0,00,78,DB,
56547271,000002B5,false,Rx,0,8,50,00,32,00,00,00,00,62,
56547504,000002B6,false,Rx,0,8,52,00,00,01,E0,00,78,CB,
56647254,000002B5,false,Rx,0,8,60,00,32,00,00,00,00,52,
56647497,000002B6,false,Rx,0,8,62,00,00,01,E0,00,78,FB,
56747260,000002B5,false,Rx,0,8,70,00,32,00,00,00,00,42,
56747494,000002B6,false,Rx,0,8,72,00,00,01,E0,00,78,EB,
56847261,000002B5,false,Rx,0,8,80,00,32,00,00,00,00,B2,
56847505,000002B6,false,Rx,0,8,82,00,00,01,E0,00,78,1B,
56947254,000002B5,false,Rx,0,8,90,00,32,00,00,00,00,A2,
56947487,000002B6,false,Rx,0,8,92,00,00,01,E0,00,78,0B,
57047262,000002B5,false,Rx,0,8,A0,00,32,00,00,00,00,92,
57047505,000002B6,false,Rx,0,8,A2,00,00,01,E0,00,78,3B,
57147244,000002B5,false,Rx,0,8,B0,00,32,00,00,00,00,82,
57147487,000002B6,false,Rx,0,8,B2,00,00,01,E0,00,78,2B,
57247240,000002B5,false,Rx,0,8,C0,00,32,00,00,00,00,F2,
57247474,000002B6,false,Rx,0,8,C2,00,00,01,E0,00,78,5B,
57347237,000002B5,false,Rx,0,8,D0,00,32,00,00,00,00,E2,
57347469,000002B6,false,Rx,0,8,D2,00,00,01,E0,00,78,4B,
57447254,000002B5,false,Rx,0,8,E0,00,32,00,00,00,00,D2,
57447487,000002B6,false,Rx,0,8,E2,00,00,01,E0,00,78,7B,
57547229,000002B5,false,Rx,0,8,F0,00,32,00,00,00,00,C2,
57547472,000002B6,false,Rx,0,8,F2,00,00,01,E0,00,78,6B,
57647237,000002B5,false,Rx,0,8,00,00,32,00,00,00,00,32,
57647471,000002B6,false,Rx,0,8,02,00,00,01,E0,00,78,9B,
57747246,000002B5,false,Rx,0,8,10,00,32,00,00,00,00,22,
57747481,000002B6,false,Rx,0,8,12,00,00,01,E0,00,78,8B,
57847246,000002B5,false,Rx,0,8,20,00,32,00,00,00,00,12,
57847489,000002B6,false,Rx,0,8,22,00,00,01,E0,00,78,BB,
57947226,000002B5,false,Rx,0,8,30,00,32,00,00,00,00,02,
57947469,000002B6,false,Rx,0,8,32,00,00,01,E0,00,78,AB,
58047239,000002B5,false,Rx,0,8,40,00,32,00,00,00,00,72,
58047472,000002B6,false,Rx,0,8,42,00,00,01,E0,00,78,DB,
58147235,000002B5,false,Rx,0,8,50,00,32,00,00,00,00,62,
58147469,000002B6,false,Rx,0,8,52,00,00,01,E0,00,78,CB,
58247229,000002B5,false,Rx,0,8,60,00,32,00,00,00,00,52,
58247474,000002B6,false,Rx,0,8,62,00,00,01,E0,00,78,FB,
58347229,000002B5,false,Rx,0,8,70,00,32,00,00,00,00,42,
58347462,000002B6,false,Rx,0,8,72,00,00,01,E0,00,78,EB,
58447226,000002B5,false,Rx,0,8,80,00,32,00,00,00,00,B2,
58447469,000002B6,false,Rx,0,8,82,00,00,01,E0,00,78,1B,
58547217,000002B5,false,Rx,0,8,90,00,32,00,00,00,00,A2,
58547450,000002B6,false,Rx,0,8,92,00,00,01,E0,00,78,0B,
58647222,000002B5,false,Rx,0,8,A0,00,32,00,00,00,00,92,
58647466,000002B6,false,Rx,0,8,A2,00,00,01,E0,00,78,3B,
58747225,000002B5,false,Rx,0,8,B0,00,32,00,00,00,00,82,
58747459,000002B6,false,Rx,0,8,B2,00,00,01,E0,00,78,2B,
58847207,000002B5,false,Rx,0,8,C0,00,32,00,00,00,00,F2,
58847440,000002B6,false,Rx,0,8,C2,00,00,01,E0,00,78,5B,
58947211,000002B5,false,Rx,0,8,D0,00,32,00,00,00,00,E2,
58947444,000002B6,false,Rx,0,8,D2,00,00,01,E0,00,78,4B,
59047219,000002B5,false,Rx,0,8,E0,00,32,00,00,00,00,D2,
59047452,000002B6,false,Rx,0,8,E2,00,00,01,E0,00,78,7B,
59147196,000002B5,false,Rx,0,8,F0,00,32,00,00,00,00,C2,
59147431,000002B6,false,Rx,0,8,F2,00,00,01,E0,00,78,6B,
59247213,000002B5,false,Rx,0,8,00,00,32,00,00,00,00,32,
59247447,000002B6,false,Rx,0,8,02,00,00,01,E0,00,78,9B,
59347208,000002B5,false,Rx,0,8,10,00,32,00,00,00,00,22,
59347442,000002B6,false,Rx,0,8,12,00,00,01,E0,00,78,8B,
59447196,000002B5,false,Rx,0,8,20,00,32,00,00,00,00,12,
59447439,000002B6,false,Rx,0,8,22,00,00,01,E0,00,78,BB,
59547193,000002B5,false,Rx,0,8,30,00,32,00,00,00,00,02,
59547426,000002B6,false,Rx,0,8,32,00,00,01,E0,00,78,AB,
59647196,000002B5,false,Rx,0,8,40,00,32,00,00,00,00,72,
59647431,000002B6,false,Rx,0,8,42,00,00,01,E0,00,78,DB,
59747193,000002B5,false,Rx,0,8,50,00,32,00,00,00,00,62,
59747427,000002B6,false,Rx,0,8,52,00,00,01,E0,00,78,CB,
59847193,000002B5,false,Rx,0,8,60,00,32,00,00,00,00,52,
59847426,000002B6,false,Rx,0,8,62,00,00,01,E0,00,78,FB,
59947186,000002B5,false,Rx,0,8,70,00,32,00,00,00,00,42,
59947429,000002B6,false,Rx,0,8,72,00,00,01,E0,00,78,EB,
60047171,000002B5,false,Rx,0,8,80,00,32,00,00,00,00,B2,
60047414,000002B6,false,Rx,0,8,82,00,00,01,E0,00,78,1B,
60147178,000002B5,false,Rx,0,8,90,00,32,00,00,00,00,A2,
60147413,000002B6,false,Rx,0,8,92,00,00,01,E0,00,78,0B,
60247188,000002B5,false,Rx,0,8,A0,00,32,00,00,00,00,92,
60247422,000002B6,false,Rx,0,8,A2,00,00,01,E0,00,78,3B,
60347176,000002B5,false,Rx,0,8,B0,00,32,00,00,00,00,82,
60347409,000002B6,false,Rx,0,8,B2,00,00,01,E0,00,78,2B,
60447181,000002B5,false,Rx,0,8,C0,00,32,00,00,00,00,F2,
60447414,000002B6,false,Rx,0,8,C2,00,00,01,E0,00,78,5B,
60547161,000002B5,false,Rx,0,8,D0,00,32,00,00,00,00,E2,
60547394,000002B6,false,Rx,0,8,D2,00,00,01,E0,00,78,4B,
60647176,000002B5,false,Rx,0,8,E0,00,32,00,00,00,00,D2,
60647410,000002B6,false,Rx,0,8,E2,00,00,01,E0,00,78,7B,
60747171,000002B5,false,Rx,0,8,F0,00,32,00,00,00,00,C2,
60747404,000002B6,false,Rx,0,8,F2,00,00,01,E0,00,78,6B,
60847175,000002B5,false,Rx,0,8,00,00,32,00,00,00,00,32,
60847408,000002B6,false,Rx,0,8,02,00,00,01,E0,00,78,9B,
60947156,000002B5,false,Rx,0,8,10,00,32,00,00,00,00,22,
60947389,000002B6,false,Rx,0,8,12,00,00,01,E0,00,78,8B,
61047174,000002B5,false,Rx,0,8,20,00,32,00,00,00,00,12,
61047408,000002B6,false,Rx,0,8,22,00,00,01,E0,00,78,BB,
61147149,000002B5,false,Rx,0,8,30,00,32,00,00,00,00,02,
61147393,000002B6,false,Rx,0,8,32,00,00,01,E0,00,78,AB,
61247147,000002B5,false,Rx,0,8,40,00,32,00,00,00,00,72,
61247380,000002B6,false,Rx,0,8,42,00,00,01,E0,00,78,DB,
61347160,000002B5,false,Rx,0,8,50,00,32,00,00,00,00,62,
61347393,000002B6,false,Rx,0,8,52,00,00,01,E0,00,78,CB,
61447153,000002B5,false,Rx,0,8,60,00,32,00,00,00,00,52,
61447396,000002B6,false,Rx,0,8,62,00,00,01,E0,00,78,FB,
61547138,000002B5,false,Rx,0,8,70,00,32,00,00,00,00,42,
61547371,000002B6,false,Rx,0,8,72,00,00,01,E0,00,78,EB,
61647143,000002B5,false,Rx,0,8,80,00,32,00,00,00,00,B2,
61647377,000002B6,false,Rx,0,8,82,00,00,01,E0,00,78,1B,
61747150,000002B5,false,Rx,0,8,90,00,32,00,00,00,00,A2,
61747383,000002B6,false,Rx,0,8,92,00,00,01,E0,00,78,0B,
61847146,000002B5,false,Rx,0,8,A0,00,32,00,00,00,00,92,
61847389,000002B6,false,Rx,0,8,A2,00,00,01,E0,00,78,3B,
61947148,000002B5,false,Rx,0,8,B0,00,32,00,00,00,00,82,
61947391,000002B6,false,Rx,0,8,B2,00,00,01,E0,00,78,2B,
62047146,000002B5,false,Rx,0,8,C0,00,32,00,00,00,00,F2,
62047380,000002B6,false,Rx,0,8,C2,00,00,01,E0,00,78,5B,
62147128,000002B5,false,Rx,0,8,D0,00,32,00,00,00,00,E2,
62147361,000002B6,false,Rx,0,8,D2,00,00,01,E0,00,78,4B,
62247135,000002B5,false,Rx,0,8,E0,00,32,00,00,00,00,D2,
62247378,000002B6,false,Rx,0,8,E2,00,00,01,E0,00,78,7B,
62347132,000002B5,false,Rx,0,8,F0,00,32,00,00,00,00,C2,
62347376,000002B6,false,Rx,0,8,F2,00,00,01,E0,00,78,6B,
62447118,000002B5,false,Rx,0,8,00,00,32,00,00,00,00,32,
62447360,000002B6,false,Rx,0,8,02,00,00,01,E0,00,78,9B,
62547135,000002B5,false,Rx,0,8,10,00,32,00,00,00,00,22,
62547368,000002B6,false,Rx,0,8,12,00,00,01,E0,00,78,8B,
62647123,000002B5,false,Rx,0,8,20,00,32,00,00,00,00,12,
62647356,000002B6,false,Rx,0,8,22,00,00,01,E0,00,78,BB,
62747117,000002B5,false,Rx,0,8,30,00,32,00,00,00,00,02,
62747349,000002B6,false,Rx,0,8,32,00,00,01,E0,00,78,AB,
62847120,000002B5,false,Rx,0,8,40,00,32,00,00,00,00,72,
62847352,000002B6,false,Rx,0,8,42,00,00,01,E0,00,78,DB,
62947114,000002B5,false,Rx,0,8,50,00,32,00,00,00,00,62,
62947355,000002B6,false,Rx,0,8,52,00,00,01,E0,00,78,CB,
63047113,000002B5,false,Rx,0,8,60,00,32,00,00,00,00,52,
63047356,000002B6,false,Rx,0,8,62,00,00,01,E0,00,78,FB,
63147098,000002B5,false,Rx,0,8,70,00,32,00,00,00,00,42,
63147331,000002B6,false,Rx,0,8,72,00,00,01,E0,00,78,EB,
63247094,000002B5,false,Rx,0,8,80,00,32,00,00,00,00,B2,
63247336,000002B6,false,Rx,0,8,82,00,00,01,E0,00,78,1B,
63347095,000002B5,false,Rx,0,8,90,00,32,00,00,00,00,A2,
63347337,000002B6,false,Rx,0,8,92,00,00,01,E0,00,78,0B,
63447108,000002B5,false,Rx,0,8,A0,00,32,00,00,00,00,92,
63447350,000002B6,false,Rx,0,8,A2,00,00,01,E0,00,78,3B,
63547112,000002B5,false,Rx,0,8,B0,00,32,00,00,00,00,82,
63547346,000002B6,false,Rx,0,8,B2,00,00,01,E0,00,78,2B,
63647096,000002B5,false,Rx,0,8,C0,00,32,00,00,00,00,F2,
63647328,000002B6,false,Rx,0,8,C2,00,00,01,E0,00,78,5B,
63747100,000002B5,false,Rx,0,8,D0,00,32,00,00,00,00,E2,
63747332,000002B6,false,Rx,0,8,D2,00,00,01,E0,00,78,4B,
63847082,000002B5,false,Rx,0,8,E0,00,32,00,00,00,00,D2,
63847324,000002B6,false,Rx,0,8,E2,00,00,01,E0,00,78,7B,
63947085,000002B5,false,Rx,0,8,F0,00,32,00,00,00,00,C2,
63947317,000002B6,false,Rx,0,8,F2,00,00,01,E0,00,78,6B,
64047103,000002B5,false,Rx,0,8,00,00,32,00,00,00,00,32,
64047336,000002B6,false,Rx,0,8,02,00,00,01,E0,00,78,9B,
64147082,000002B5,false,Rx,0,8,10,00,32,00,00,00,00,22,
64147314,000002B6,false,Rx,0,8,12,00,00,01,E0,00,78,8B,
64247077,000002B5,false,Rx,0,8,20,00,32,00,00,00,00,12,
64247319,000002B6,false,Rx,0,8,22,00,00,01,E0,00,78,BB,
64347087,000002B5,false,Rx,0,8,30,00,32,00,00,00,00,02,
64347329,000002B6,false,Rx,0,8,32,00,00,01,E0,00,78,AB,
64447074,000002B5,false,Rx,0,8,40,00,32,00,00,00,00,72,
64447306,000002B6,false,Rx,0,8,42,00,00,01,E0,00,78,DB,
64547063,000002B5,false,Rx,0,8,50,00,32,00,00,00,00,62,
64547296,000002B6,false,Rx,0,8,52,00,00,01,E0,00,78,CB,
64647082,000002B5,false,Rx,0,8,60,00,32,00,00,00,00,52,
64647314,000002B6,false,Rx,0,8,62,00,00,01,E0,00,78,FB,
64747077,000002B5,false,Rx,0,8,70,00,32,00,00,00,00,42,
64747309,000002B6,false,Rx,0,8,72,00,00,01,E0,00,78,EB,
64847064,000002B5,false,Rx,0,8,80,00,32,00,00,00,00,B2,
64847296,000002B6,false,Rx,0,8,82,00,00,01,E0,00,78,1B,
64947070,000002B5,false,Rx,0,8,90,00,32,00,00,00,00,A2,
64947313,000002B6,false,Rx,0,8,92,00,00,01,E0,00,78,0B,
65047068,000002B5,false,Rx,0,8,A0,00,32,00,00,00,00,92,
65047311,000002B6,false,Rx,0,8,A2,00,00,01,E0,00,78,3B,
65147074,000002B5,false,Rx,0,8,B0,00,32,00,00,00,00,82,
65147316,000002B6,false,Rx,0,8,B2,00,00,01,E0,00,78,2B,
65247052,000002B5,false,Rx,0,8,C0,00,32,00,00,00,00,F2,
65247284,000002B6,false,Rx,0,8,C2,00,00,01,E0,00,78,5B,
65347060,000002B5,false,Rx,0,8,D0,00,32,00,00,00,00,E2,
65347301,000002B6,false,Rx,0,8,D2,00,00,01,E0,00,78,4B,
65447046,000002B5,false,Rx,0,8,E0,00,32,00,00,00,00,D2,
65447289,000002B6,false,Rx,0,8,E2,00,00,01,E0,00,78,7B,
65547058,000002B5,false,Rx,0,8,F0,00,32,00,00,00,00,C2,
65547291,000002B6,false,Rx,0,8,F2,00,00,01,E0,00,78,6B,
65647062,000002B5,false,Rx,0,8,00,00,32,00,00,00,00,32,
65647294,000002B6,false,Rx,0,8,02,00,00,01,E0,00,78,9B,
65747036,000002B5,false,Rx,0,8,10,00,32,00,00,00,00,22,
65747278,000002B6,false,Rx,0,8,12,00,00,01,E0,00,78,8B,
65847055,000002B5,false,Rx,0,8,20,00,32,00,00,00,00,12,
65847297,000002B6,false,Rx,0,8,22,00,00,01,E0,00,78,BB,
65947040,000002B5,false,Rx,0,8,30,00,32,00,00,00,00,02,
65947273,000002B6,false,Rx,0,8,32,00,00,01,E0,00,78,AB,
66047027,000002B5,false,Rx,0,8,40,00,32,00,00,00,00,72,
66047270,000002B6,false,Rx,0,8,42,00,00,01,E0,00,78,DB,
66147024,000002B5,false,Rx,0,8,50,00,32,00,00,00,00,62,
66147266,000002B6,false,Rx,0,8,52,00,00,01,E0,00,78,CB,
66247044,000002B5,false,Rx,0,8,60,00,32,00,00,00,00,52,
66247276,000002B6,false,Rx,0,8,62,00,00,01,E0,00,78,FB,
66347029,000002B5,false,Rx,0,8,70,00,32,00,00,00,00,42,
66347261,000002B6,false,Rx,0,8,72,00,00,01,E0,00,78,EB,
66447037,000002B5,false,Rx,0,8,80,00,32,00,00,00,00,B2,
66447280,000002B6,false,Rx,0,8,82,00,00,01,E0,00,78,1B,
66547034,000002B5,false,Rx,0,8,90,00,32,00,00,00,00,A2,
66547278,000002B6,false,Rx,0,8,92,00,00,01,E0,00,78,0B,
66647039,000002B5,false,Rx,0,8,A0,00,32,00,00,00,00,92,
66647270,000002B6,false,Rx,0,8,A2,00,00,01,E0,00,78,3B,
66747034,000002B5,false,Rx,0,8,B0,00,32,00,00,00,00,82,
66747276,000002B6,false,Rx,0,8,B2,00,00,01,E0,00,78,2B,
66847032,000002B5,false,Rx,0,8,C0,00,32,00,00,00,00,F2,
66847264,000002B6,false,Rx,0,8,C2,00,00,01,E0,00,78,5B,
66947012,000002B5,false,Rx,0,8,D0,00,32,00,00,00,00,E2,
66947245,000002B6,false,Rx,0,8,D2,00,00,01,E0,00,78,4B,
67047031,000002B5,false,Rx,0,8,E0,00,32,00,00,00,00,D2,
67047263,000002B6,false,Rx,0,8,E2,00,00,01,E0,00,78,7B,
67147004,000002B5,false,Rx,0,8,F0,00,32,00,00,00,00,C2,
67147245,000002B6,false,Rx,0,8,F2,00,00,01,E0,00,78,6B,
67247009,000002B5,false,Rx,0,8,00,00,32,00,00,00,00,32,
67247241,000002B6,false,Rx,0,8,02,00,00,01,E0,00,78,9B,
67347016,000002B5,false,Rx,0,8,10,00,32,00,00,00,00,22,
67347258,000002B6,false,Rx,0,8,12,00,00,01,E0,00,78,8B,
67447022,000002B5,false,Rx,0,8,20,00,32,00,00,00,00,12,
67447256,000002B6,false,Rx,0,8,22,00,00,01,E0,00,78,BB,
67547002,000002B5,false,Rx,0,8,30,00,32,00,00,00,00,02,
67547234,000002B6,false,Rx,0,8,32,00,00,01,E0,00,78,AB,
67647009,000002B5,false,Rx,0,8,40,00,32,00,00,00,00,72,
67647240,000002B6,false,Rx,0,8,42,00,00,01,E0,00,78,DB,
67746994,000002B5,false,Rx,0,8,50,00,32,00,00,00,00,62,
67747225,000002B6,false,Rx,0,8,52,00,00,01,E0,00,78,CB,
67847002,000002B5,false,Rx,0,8,60,00,32,00,00,00,00,52,
67847244,000002B6,false,Rx,0,8,62,00,00,01,E0,00,78,FB,
67946998,000002B5,false,Rx,0,8,70,00,32,00,00,00,00,42,
67947231,000002B6,false,Rx,0,8,72,00,00,01,E0,00,78,EB,
68046998,000002B5,false,Rx,0,8,80,00,32,00,00,00,00,B2,
68047240,000002B6,false,Rx,0,8,82,00,00,01,E0,00,78,1B,
68146987,000002B5,false,Rx,0,8,90,00,32,00,00,00,00,A2,
68147219,000002B6,false,Rx,0,8,92,00,00,01,E0,00,78,0B,
68246996,000002B5,false,Rx,0,8,A0,00,32,00,00,00,00,92,
68247238,000002B6,false,Rx,0,8,A2,00,00,01,E0,00,78,3B,
68347001,000002B5,false,Rx,0,8,B0,00,32,00,00,00,00,82,
68347233,000002B6,false,Rx,0,8,B2,00,00,01,E0,00,78,2B,
68446973,000002B5,false,Rx,0,8,C0,00,32,00,00,00,00,F2,
68447206,000002B6,false,Rx,0,8,C2,00,00,01,E0,00,78,5B,
68546973,000002B5,false,Rx,0,8,D0,00,32,00,00,00,00,E2,
68547205,000002B6,false,Rx,0,8,D2,00,00,01,E0,00,78,4B,
68646991,000002B5,false,Rx,0,8,E0,00,32,00,00,00,00,D2,
68647223,000002B6,false,Rx,0,8,E2,00,00,01,E0,00,78,7B,
68746966,000002B5,false,Rx,0,8,F0,00,32,00,00,00,00,C2,
68747208,000002B6,false,Rx,0,8,F2,00,00,01,E0,00,78,6B,
68846981,000002B5,false,Rx,0,8,00,00,32,00,00,00,00,32,
68847224,000002B6,false,Rx,0,8,02,00,00,01,E0,00,78,9B,
68946980,000002B5,false,Rx,0,8,10,00,32,00,00,00,00,22,
68947213,000002B6,false,Rx,0,8,12,00,00,01,E0,00,78,8B,
69046963,000002B5,false,Rx,0,8,20,00,32,00,00,00,00,12,
69047205,000002B6,false,Rx,0,8,22,00,00,01,E0,00,78,BB,
69146959,000002B5,false,Rx,0,8,30,00,32,00,00,00,00,02,
69147201,000002B6,false,Rx,0,8,32,00,00,01,E0,00,78,AB,
69246961,000002B5,false,Rx,0,8,40,00,32,00,00,00,00,72,
69247193,000002B6,false,Rx,0,8,42,00,00,01,E0,00,78,DB,
69346966,000002B5,false,Rx,0,8,50,00,32,00,00,00,00,62,
69347200,000002B6,false,Rx,0,8,52,00,00,01,E0,00,78,CB,
69446949,000002B5,false,Rx,0,8,60,00,32,00,00,00,00,52,
69447192,000002B6,false,Rx,0,8,62,00,00,01,E0,00,78,FB,
69546966,000002B5,false,Rx,0,8,70,00,32,00,00,00,00,42,
69547198,000002B6,false,Rx,0,8,72,00,00,01,E0,00,78,EB,
69646943,000002B5,false,Rx,0,8,80,00,32,00,00,00,00,B2,
69647185,000002B6,false,Rx,0,8,82,00,00,01,E0,00,78,1B,
69746961,000002B5,false,Rx,0,8,90,00,32,00,00,00,00,A2,
69747193,000002B6,false,Rx,0,8,92,00,00,01,E0,00,78,0B,
69846948,000002B5,false,Rx,0,8,A0,00,32,00,00,00,00,92,
69847181,000002B6,false,Rx,0,8,A2,00,00,01,E0,00,78,3B,
69946954,000002B5,false,Rx,0,8,B0,00,32,00,00,00,00,82,
69947197,000002B6,false,Rx,0,8,B2,00,00,01,E0,00,78,2B,
70046956,000002B5,false,Rx,0,8,C0,00,32,00,00,00,00,F2,
70047188,000002B6,false,Rx,0,8,C2,00,00,01,E0,00,78,5B,
70146931,000002B5,false,Rx,0,8,D0,00,32,00,00,00,00,E2,
70147173,000002B6,false,Rx,0,8,D2,00,00,01,E0,00,78,4B,
70246933,000002B5,false,Rx,0,8,E0,00,32,00,00,00,00,D2,
70247175,000002B6,false,Rx,0,8,E2,00,00,01,E0,00,78,7B,
70346948,000002B5,false,Rx,0,8,F0,00,32,00,00,00,00,C2,
70347181,000002B6,false,Rx,0,8,F2,00,00,01,E0,00,78,6B,
70446949,000002B5,false,Rx,0,8,00,00,32,00,00,00,00,32,
70447182,000002B6,false,Rx,0,8,02,00,00,01,E0,00,78,9B,
70546943,000002B5,false,Rx,0,8,10,00,32,00,00,00,00,22,
70547175,000002B6,false,Rx,0,8,12,00,00,01,E0,00,78,8B,
70646928,000002B5,false,Rx,0,8,20,00,32,00,00,00,00,12,
70647170,000002B6,false,Rx,0,8,22,00,00,01,E0,00,78,BB,
70746921,000002B5,false,Rx,0,8,30,00,32,00,00,00,00,02,
70747163,000002B6,false,Rx,0,8,32,00,00,01,E0,00,78,AB,
70846922,000002B5,false,Rx,0,8,40,00,32,00,00,00,00,72,
70847155,000002B6,false,Rx,0,8,42,00,00,01,E0,00,78,DB,
70946916,000002B5,false,Rx,0,8,50,00,32,00,00,00,00,62,
70947149,000002B6,false,Rx,0,8,52,00,00,01,E0,00,78,CB,
71046930,000002B5,false,Rx,0,8,60,00,32,00,00,00,00,52,
71047162,000002B6,false,Rx,0,8,62,00,00,01,E0,00,78,FB,
71146923,000002B5,false,Rx,0,8,70,00,32,00,00,00,00,42,
71147165,000002B6,false,Rx,0,8,72,00,00,01,E0,00,78,EB,
71246929,000002B5,false,Rx,0,8,80,00,32,00,00,00,00,B2,
71247160,000002B6,false,Rx,0,8,82,00,00,01,E0,00,78,1B,
71346918,000002B5,false,Rx,0,8,90,00,32,00,00,00,00,A2,
71347161,000002B6,false,Rx,0,8,92,00,00,01,E0,00,78,0B,
71446912,000002B5,false,Rx,0,8,A0,00,32,00,00,00,00,92,
71447144,000002B6,false,Rx,0,8,A2,00,00,01,E0,00,78,3B,
71546925,000002B5,false,Rx,0,8,B0,00,32,00,00,00,00,82,
71547157,000002B6,false,Rx,0,8,B2,00,00,01,E0,00,78,2B,
71646902,000002B5,false,Rx,0,8,C0,00,32,00,00,00,00,F2,
71647134,000002B6,false,Rx,0,8,C2,00,00,01,E0,00,78,5B,
71746908,000002B5,false,Rx,0,8,D0,00,32,00,00,00,00,E2,
71747150,000002B6,false,Rx,0,8,D2,00,00,01,E0,00,78,4B,
71846915,000002B5,false,Rx,0,8,E0,00,32,00,00,00,00,D2,
71847148,000002B6,false,Rx,0,8,E2,00,00,01,E0,00,78,7B,
71946892,000002B5,false,Rx,0,8,F0,00,32,00,00,00,00,C2,
71947134,000002B6,false,Rx,0,8,F2,00,00,01,E0,00,78,6B,
72046895,000002B5,false,Rx,0,8,00,00,32,00,00,00,00,32,
72047127,000002B6,false,Rx,0,8,02,00,00,01,E0,00,78,9B,
72146898,000002B5,false,Rx,0,8,10,00,32,00,00,00,00,22,
72147140,000002B6,false,Rx,0,8,12,00,00,01,E0,00,78,8B,
72246903,000002B5,false,Rx,0,8,20,00,32,00,00,00,00,12,
72247145,000002B6,false,Rx,0,8,22,00,00,01,E0,00,78,BB,
72346891,000002B5,false,Rx,0,8,30,00,32,00,00,00,00,02,
72347124,000002B6,false,Rx,0,8,32,00,00,01,E0,00,78,AB,
72446898,000002B5,false,Rx,0,8,40,00,32,00,00,00,00,72,
72447129,000002B6,false,Rx,0,8,42,00,00,01,E0,00,78,DB,
72546888,000002B5,false,Rx,0,8,50,00,32,00,00,00,00,62,
72547120,000002B6,false,Rx,0,8,52,00,00,01,E0,00,78,CB,
72646884,000002B5,false,Rx,0,8,60,00,32,00,00,00,00,52,
72647126,000002B6,false,Rx,0,8,62,00,00,01,E0,00,78,FB,
72746885,000002B5,false,Rx,0,8,70,00,32,00,00,00,00,42,
72747118,000002B6,false,Rx,0,8,72,00,00,01,E0,00,78,EB,
72846889,000002B5,false,Rx,0,8,80,00,32,00,00,00,00,B2,
72847122,000002B6,false,Rx,0,8,82,00,00,01,E0,00,78,1B,
72946873,000002B5,false,Rx,0,8,90,00,32,00,00,00,00,A2,
72947104,000002B6,false,Rx,0,8,92,00,00,01,E0,00,78,0B,
73046880,000002B5,false,Rx,0,8,A0,00,32,00,00,00,00,92,
73047122,000002B6,false,Rx,0,8,A2,00,00,01,E0,00,78,3B,
73146865,000002B5,false,Rx,0,8,B0,00,32,00,00,00,00,82,
73147107,000002B6,false,Rx,0,8,B2,00,00,01,E0,00,78,2B,
73246865,000002B5,false,Rx,0,8,C0,00,32,00,00,00,00,F2,
73247098,000002B6,false,Rx,0,8,C2,00,00,01,E0,00,78,5B,
73346870,000002B5,false,Rx,0,8,D0,00,32,00,00,00,00,E2,
73347103,000002B6,false,Rx,0,8,D2,00,00,01,E0,00,78,4B,
73446860,000002B5,false,Rx,0,8,E0,00,32,00,00,00,00,D2,
73447092,000002B6,false,Rx,0,8,E2,00,00,01,E0,00,78,7B,
73546857,000002B5,false,Rx,0,8,F0,00,32,00,00,00,00,C2,
73547089,000002B6,false,Rx,0,8,F2,00,00,01,E0,00,78,6B,
73646865,000002B5,false,Rx,0,8,00,00,32,00,00,00,00,32,
73647107,000002B6,false,Rx,0,8,02,00,00,01,E0,00,78,9B,
73746862,000002B5,false,Rx,0,8,10,00,32,00,00,00,00,22,
73747105,000002B6,false,Rx,0,8,12,00,00,01,E0,00,78,8B,
73846855,000002B5,false,Rx,0,8,20,00,32,00,00,00,00,12,
73847088,000002B6,false,Rx,0,8,22,00,00,01,E0,00,78,BB,
73946856,000002B5,false,Rx,0,8,30,00,32,00,00,00,00,02,
73947098,000002B6,false,Rx,0,8,32,00,00,01,E0,00,78,AB,
74046852,000002B5,false,Rx,0,8,40,00,32,00,00,00,00,72,
74047094,000002B6,false,Rx,0,8,42,00,00,01,E0,00,78,DB,
74146855,000002B5,false,Rx,0,8,50,00,32,00,00,00,00,62,
74147087,000002B6,false,Rx,0,8,52,00,00,01,E0,00,78,CB,
74246835,000002B5,false,Rx,0,8,60,00,32,00,00,00,00,52,
74247078,000002B6,false,Rx,0,8,62,00,00,01,E0,00,78,FB,
74346850,000002B5,false,Rx,0,8,70,00,32,00,00,00,00,42,
74347083,000002B6,false,Rx,0,8,72,00,00,01,E0,00,78,EB,
74446845,000002B5,false,Rx,0,8,80,00,32,00,00,00,00,B2,
74447086,000002B6,false,Rx,0,8,82,00,00,01,E0,00,78,1B,
74546841,000002B5,false,Rx,0,8,90,00,32,00,00,00,00,A2,
74547083,000002B6,false,Rx,0,8,92,00,00,01,E0,00,78,0B,
74646850,000002B5,false,Rx,0,8,A0,00,32,00,00,00,00,92,
74647082,000002B6,false,Rx,0,8,A2,00,00,01,E0,00,78,3B,
74746845,000002B5,false,Rx,0,8,B0,00,32,00,00,00,00,82,
74747088,000002B6,false,Rx,0,8,B2,00,00,01,E0,00,78,2B,
74846834,000002B5,false,Rx,0,8,C0,00,32,00,00,00,00,F2,
74847076,000002B6,false,Rx,0,8,C2,00,00,01,E0,00,78,5B,
74946830,000002B5,false,Rx,0,8,D0,00,32,00,00,00,00,E2,
74947072,000002B6,false,Rx,0,8,D2,00,00,01,E0,00,78,4B,
75046819,000002B5,false,Rx,0,8,E0,00,32,00,00,00,00,D2,
75047061,000002B6,false,Rx,0,8,E2,00,00,01,E0,00,78,7B,
75146814,000002B5,false,Rx,0,8,F0,00,32,00,00,00,00,C2,
75147056,000002B6,false,Rx,0,8,F2,00,00,01,E0,00,78,6B,
75246830,000002B5,false,Rx,0,8,00,00,32,00,00,00,00,32,
75247064,000002B6,false,Rx,0,8,02,00,00,01,E0,00,78,9B,
75346819,000002B5,false,Rx,0,8,10,00,32,00,00,00,00,22,
75347051,000002B6,false,Rx,0,8,12,00,00,01,E0,00,78,8B,
75446824,000002B5,false,Rx,0,8,20,00,32,00,00,00,00,12,
75447066,000002B6,false,Rx,0,8,22,00,00,01,E0,00,78,BB,
75546808,000002B5,false,Rx,0,8,30,00,32,00,00,00,00,02,
75547050,000002B6,false,Rx,0,8,32,00,00,01,E0,00,78,AB,
75646811,000002B5,false,Rx,0,8,40,00,32,00,00,00,00,72,
75647043,000002B6,false,Rx,0,8,42,00,00,01,E0,00,78,DB,
75746815,000002B5,false,Rx,0,8,50,00,32,00,00,00,00,62,
75747048,000002B6,false,Rx,0,8,52,00,00,01,E0,00,78,CB,
75846798,000002B5,false,Rx,0,8,60,00,32,00,00,00,00,52,
75847040,000002B6,false,Rx,0,8,62,00,00,01,E0,00,78,FB,
75946801,000002B5,false,Rx,0,8,70,00,32,00,00,00,00,42,
75947033,000002B6,false,Rx,0,8,72,00,00,01,E0,00,78,EB,
76046809,000002B5,false,Rx,0,8,80,00,32,00,00,00,00,B2,
76047051,000002B6,false,Rx,0,8,82,00,00,01,E0,00,78,1B,
76146797,000002B5,false,Rx,0,8,90,00,32,00,00,00,00,A2,
76147029,000002B6,false,Rx,0,8,92,00,00,01,E0,00,78,0B,
76246792,000002B5,false,Rx,0,8,A0,00,32,00,00,00,00,92,
76247035,000002B6,false,Rx,0,8,A2,00,00,01,E0,00,78,3B,
76346804,000002B5,false,Rx,0,8,B0,00,32,00,00,00,00,82,
76347046,000002B6,false,Rx,0,8,B2,00,00,01,E0,00,78,2B,
76446790,000002B5,false,Rx,0,8,C0,00,32,00,00,00,00,F2,
76447022,000002B6,false,Rx,0,8,C2,00,00,01,E0,00,78,5B,
76546784,000002B5,false,Rx,0,8,D0,00,32,00,00,00,00,E2,
76547015,000002B6,false,Rx,0,8,D2,00,00,01,E0,00,78,4B,
76646797,000002B5,false,Rx,0,8,E0,00,32,00,00,00,00,D2,
76647030,000002B6,false,Rx,0,8,E2,00,00,01,E0,00,78,7B,
76746782,000002B5,false,Rx,0,8,F0,00,32,00,00,00,00,C2,
76747015,000002B6,false,Rx,0,8,F2,00,00,01,E0,00,78,6B,
76846791,000002B5,false,Rx,0,8,00,00,32,00,00,00,00,32,
76847032,000002B6,false,Rx,0,8,02,00,00,01,E0,00,78,9B,
76946776,000002B5,false,Rx,0,8,10,00,32,00,00,00,00,22,
76947018,000002B6,false,Rx,0,8,12,00,00,01,E0,00,78,8B,
77046794,000002B5,false,Rx,0,8,20,00,32,00,00,00,00,12,
77047036,000002B6,false,Rx,0,8,22,00,00,01,E0,00,78,BB,
77146781,000002B5,false,Rx,0,8,30,00,32,00,00,00,00,02,
77147024,000002B6,false,Rx,0,8,32,00,00,01,E0,00,78,AB,
77246767,000002B5,false,Rx,0,8,40,00,32,00,00,00,00,72,
77247000,000002B6,false,Rx,0,8,42,00,00,01,E0,00,78,DB,
77346766,000002B5,false,Rx,0,8,50,00,32,00,00,00,00,62,
77346998,000002B6,false,Rx,0,8,52,00,00,01,E0,00,78,CB,
77446762,000002B5,false,Rx,0,8,60,00,32,00,00,00,00,52,
77447004,000002B6,false,Rx,0,8,62,00,00,01,E0,00,78,FB,
77546771,000002B5,false,Rx,0,8,70,00,32,00,00,00,00,42,
77547003,000002B6,false,Rx,0,8,72,00,00,01,E0,00,78,EB,
77646766,000002B5,false,Rx,0,8,80,00,32,00,00,00,00,B2,
77647010,000002B6,false,Rx,0,8,82,00,00,01,E0,00,78,1B,
77746762,000002B5,false,Rx,0,8,90,00,32,00,00,00,00,A2,
77746995,000002B6,false,Rx,0,8,92,00,00,01,E0,00,78,0B,
77846754,000002B5,false,Rx,0,8,A0,00,32,00,00,00,00,92,
77846996,000002B6,false,Rx,0,8,A2,00,00,01,E0,00,78,3B,
77946758,000002B5,false,Rx,0,8,B0,00,32,00,00,00,00,82,
77947000,000002B6,false,Rx,0,8,B2,00,00,01,E0,00,78,2B,
78046754,000002B5,false,Rx,0,8,C0,00,32,00,00,00,00,F2,
78046986,000002B6,false,Rx,0,8,C2,00,00,01,E0,00,78,5B,
78146749,000002B5,false,Rx,0,8,D0,00,32,00,00,00,00,E2,
78146982,000002B6,false,Rx,0,8,D2,00,00,01,E0,00,78,4B,
78246759,000002B5,false,Rx,0,8,E0,00,32,00,00,00,00,D2,
78246992,000002B6,false,Rx,0,8,E2,00,00,01,E0,00,78,7B,
78346745,000002B5,false,Rx,0,8,F0,00,32,00,00,00,00,C2,
78346977,000002B6,false,Rx,0,8,F2,00,00,01,E0,00,78,6B,
78446743,000002B5,false,Rx,0,8,00,00,32,00,00,00,00,32,
78446985,000002B6,false,Rx,0,8,02,00,00,01,E0,00,78,9B,
78546741,000002B5,false,Rx,0,8,10,00,32,00,00,00,00,22,
78546973,000002B6,false,Rx,0,8,12,00,00,01,E0,00,78,8B,
78646754,000002B5,false,Rx,0,8,20,00,32,00,00,00,00,12,
78646997,000002B6,false,Rx,0,8,22,00,00,01,E0,00,78,BB,
78746750,000002B5,false,Rx,0,8,30,00,32,00,00,00,00,02,
78746982,000002B6,false,Rx,0,8,32,00,00,01,E0,00,78,AB,
78846728,000002B5,false,Rx,0,8,40,00,32,00,00,00,00,72,
78846970,000002B6,false,Rx,0,8,42,00,00,01,E0,00,78,DB,
78946723,000002B5,false,Rx,0,8,50,00,32,00,00,00,00,62,
78946965,000002B6,false,Rx,0,8,52,00,00,01,E0,00,78,CB,
79046743,000002B5,false,Rx,0,8,60,00,32,00,00,00,00,52,
79046975,000002B6,false,Rx,0,8,62,00,00,01,E0,00,78,FB,
79146726,000002B5,false,Rx,0,8,70,00,32,00,00,00,00,42,
79146959,000002B6,false,Rx,0,8,72,00,00,01,E0,00,78,EB,
79246725,000002B5,false,Rx,0,8,80,00,32,00,00,00,00,B2,
79246967,000002B6,false,Rx,0,8,82,00,00,01,E0,00,78,1B,
79346733,000002B5,false,Rx,0,8,90,00,32,00,00,00,00,A2,
79346974,000002B6,false,Rx,0,8,92,00,00,01,E0,00,78,0B,
79446728,000002B5,false,Rx,0,8,A0,00,32,00,00,00,00,92,
79446970,000002B6,false,Rx,0,8,A2,00,00,01,E0,00,78,3B,
79546717,000002B5,false,Rx,0,8,B0,00,32,00,00,00,00,82,
79546959,000002B6,false,Rx,0,8,B2,00,00,01,E0,00,78,2B,
79646724,000002B5,false,Rx,0,8,C0,00,32,00,00,00,00,F2,
79646957,000002B6,false,Rx,0,8,C2,00,00,01,E0,00,78,5B,
79746710,000002B5,false,Rx,0,8,D0,00,32,00,00,00,00,E2,
79746942,000002B6,false,Rx,0,8,D2,00,00,01,E0,00,78,4B,
79846708,000002B5,false,Rx,0,8,E0,00,32,00,00,00,00,D2,
79846950,000002B6,false,Rx,0,8,E2,00,00,01,E0,00,78,7B,
79946715,000002B5,false,Rx,0,8,F0,00,32,00,00,00,00,C2,
79946956,000002B6,false,Rx,0,8,F2,00,00,01,E0,00,78,6B,
80046724,000002B5,false,Rx,0,8,00,00,32,00,00,00,00,32,
80046957,000002B6,false,Rx,0,8,02,00,00,01,E0,00,78,9B,
80146702,000002B5,false,Rx,0,8,10,00,32,00,00,00,00,22,
80146935,000002B6,false,Rx,0,8,12,00,00,01,E0,00,78,8B,
80246713,000002B5,false,Rx,0,8,20,00,32,00,00,00,00,12,
80246955,000002B6,false,Rx,0,8,22,00,00,01,E0,00,78,BB,
80346697,000002B5,false,Rx,0,8,30,00,32,00,00,00,00,02,
80346939,000002B6,false,Rx,0,8,32,00,00,01,E0,00,78,AB,
80446689,000002B5,false,Rx,0,8,40,00,32,00,00,00,00,72,
80446931,000002B6,false,Rx,0,8,42,00,00,01,E0,00,78,DB,
80546706,000002B5,false,Rx,0,8,50,00,32,00,00,00,00,62,
80546939,000002B6,false,Rx,0,8,52,00,00,01,E0,00,78,CB,
80646691,000002B5,false,Rx,0,8,60,00,32,00,00,00,00,52,
80646924,000002B6,false,Rx,0,8,62,00,00,01,E0,00,78,FB,
80746690,000002B5,false,Rx,0,8,70,00,32,00,00,00,00,42,
80746922,000002B6,false,Rx,0,8,72,00,00,01,E0,00,78,EB,
80846683,000002B5,false,Rx,0,8,80,00,32,00,00,00,00,B2,
80846925,000002B6,false,Rx,0,8,82,00,00,01,E0,00,78,1B,
80946685,000002B5,false,Rx,0,8,90,00,32,00,00,00,00,A2,
80946917,000002B6,false,Rx,0,8,92,00,00,01,E0,00,78,0B,
81046678,000002B5,false,Rx,0,8,A0,00,32,00,00,00,00,92,
81046921,000002B6,false,Rx,0,8,A2,00,00,01,E0,00,78,3B,
81146694,000002B5,false,Rx,0,8,B0,00,32,00,00,00,00,82,
81146937,000002B6,false,Rx,0,8,B2,00,00,01,E0,00,78,2B,
81246682,000002B5,false,Rx,0,8,C0,00,32,00,00,00,00,F2,
81246924,000002B6,false,Rx,0,8,C2,00,00,01,E0,00,78,5B,
81346678,000002B5,false,Rx,0,8,D0,00,32,00,00,00,00,E2,
81346910,000002B6,false,Rx,0,8,D2,00,00,01,E0,00,78,4B,
81446685,000002B5,false,Rx,0,8,E0,00,32,00,00,00,00,D2,
81446917,000002B6,false,Rx,0,8,E2,00,00,01,E0,00,78,7B,
81546665,000002B5,false,Rx,0,8,F0,00,32,00,00,00,00,C2,
81546908,000002B6,false,Rx,0,8,F2,00,00,01,E0,00,78,6B,
81646668,000002B5,false,Rx,0,8,00,00,32,00,00,00,00,32,
81646911,000002B6,false,Rx,0,8,02,00,00,01,E0,00,78,9B,
81746667,000002B5,false,Rx,0,8,10,00,32,00,00,00,00,22,
81746899,000002B6,false,Rx,0,8,12,00,00,01,E0,00,78,8B,
81846665,000002B5,false,Rx,0,8,20,00,32,00,00,00,00,12,
81846907,000002B6,false,Rx,0,8,22,00,00,01,E0,00,78,BB,
81946660,000002B5,false,Rx,0,8,30,00,32,00,00,00,00,02,
81946902,000002B6,false,Rx,0,8,32,00,00,01,E0,00,78,AB,
82046671,000002B5,false,Rx,0,8,40,00,32,00,00,00,00,72,
82046904,000002B6,false,Rx,0,8,42,00,00,01,E0,00,78,DB,
82146667,000002B5,false,Rx,0,8,50,00,32,00,00,00,00,62,
82146899,000002B6,false,Rx,0,8,52,00,00,01,E0,00,78,CB,
82246652,000002B5,false,Rx,0,8,60,00,32,00,00,00,00,52,
82246894,000002B6,false,Rx,0,8,62,00,00,01,E0,00,78,FB,
82346660,000002B5,false,Rx,0,8,70,00,32,00,00,00,00,42,
82346892,000002B6,false,Rx,0,8,72,00,00,01,E0,00,78,EB,
82446655,000002B5,false,Rx,0,8,80,00,32,00,00,00,00,B2,
82446897,000002B6,false,Rx,0,8,82,00,00,01,E0,00,78,1B,
82546646,000002B5,false,Rx,0,8,90,00,32,00,00,00,00,A2,
82546879,000002B6,false,Rx,0,8,92,00,00,01,E0,00,78,0B,
82646662,000002B5,false,Rx,0,8,A0,00,32,00,00,00,00,92,
82646894,000002B6,false,Rx,0,8,A2,00,00,01,E0,00,78,3B,
82746657,000002B5,false,Rx,0,8,B0,00,32,00,00,00,00,82,
82746899,000002B6,false,Rx,0,8,B2,00,00,01,E0,00,78,2B,
82846639,000002B5,false,Rx,0,8,C0,00,32,00,00,00,00,F2,
82846871,000002B6,false,Rx,0,8,C2,00,00,01,E0,00,78,5B,
82946652,000002B5,false,Rx,0,8,D0,00,32,00,00,00,00,E2,
82946884,000002B6,false,Rx,0,8,D2,00,00,01,E0,00,78,4B,
83046648,000002B5,false,Rx,0,8,E0,00,32,00,00,00,00,D2,
83046881,000002B6,false,Rx,0,8,E2,00,00,01,E0,00,78,7B,
83146644,000002B5,false,Rx,0,8,F0,00,32,00,00,00,00,C2,
83146876,000002B6,false,Rx,0,8,F2,00,00,01,E0,00,78,6B,
83246644,000002B5,false,Rx,0,8,00,00,32,00,00,00,00,32,
83246886,000002B6,false,Rx,0,8,02,00,00,01,E0,00,78,9B,
83346645,000002B5,false,Rx,0,8,10,00,32,00,00,00,00,22,
83346877,000002B6,false,Rx,0,8,12,00,00,01,E0,00,78,8B,
83446640,000002B5,false,Rx,0,8,20,00,32,00,00,00,00,12,
83446882,000002B6,false,Rx,0,8,22,00,00,01,E0,00,78,BB,
83546622,000002B5,false,Rx,0,8,30,00,32,00,00,00,00,02,
83546855,000002B6,false,Rx,0,8,32,00,00,01,E0,00,78,AB,
83646628,000002B5,false,Rx,0,8,40,00,32,00,00,00,00,72,
83646870,000002B6,false,Rx,0,8,42,00,00,01,E0,00,78,DB,
83746612,000002B5,false,Rx,0,8,50,00,32,00,00,00,00,62,
83746854,000002B6,false,Rx,0,8,52,00,00,01,E0,00,78,CB,
83846625,000002B5,false,Rx,0,8,60,00,32,00,00,00,00,52,
83846867,000002B6,false,Rx,0,8,62,00,00,01,E0,00,78,FB,
83946627,000002B5,false,Rx,0,8,70,00,32,00,00,00,00,42,
83946860,000002B6,false,Rx,0,8,72,00,00,01,E0,00,78,EB,
84046613,000002B5,false,Rx,0,8,80,00,32,00,00,00,00,B2,
84046846,000002B6,false,Rx,0,8,82,00,00,01,E0,00,78,1B,
84146611,000002B5,false,Rx,0,8,90,00,32,00,00,00,00,A2,
84146843,000002B6,false,Rx,0,8,92,00,00,01,E0,00,78,0B,
84246609,000002B5,false,Rx,0,8,A0,00,32,00,00,00,00,92,
84246841,000002B6,false,Rx,0,8,A2,00,00,01,E0,00,78,3B,
84346616,000002B5,false,Rx,0,8,B0,00,32,00,00,00,00,82,
84346858,000002B6,false,Rx,0,8,B2,00,00,01,E0,00,78,2B,
84446602,000002B5,false,Rx,0,8,C0,00,32,00,00,00,00,F2,
84446835,000002B6,false,Rx,0,8,C2,00,00,01,E0,00,78,5B,
